{
  "manifest": {
    "publishingInformation": {
      "locales": {
        "en-US": {
          "summary": "People love to say that it\u0027s 5pm somewhere. Now, Alexa can tell you where exactly!",
          "examplePhrases": [
            "Alexa, open five PM.",
            "Is it five PM anywhere?",
            "Where is it five PM?"
          ],
          "keywords": [
            "time",
            "timezone",
            "leisure",
            "drinks",
            "drinking",
            "evening",
            "clock",
            "fun",
            "proverb"
          ],
          "name": "5pm Somewhere",
          "description": "The last time someone told you \"it\u0027s 5 PM somewhere,\" did you wonder where that somewhere was? Alexa will happily answer that question for you.",
          "smallIconUri": "file://assets/images/en-US_smallIconUri.png",
          "largeIconUri": "file://assets/images/en-US_largeIconUri.png"
        }
      },
      "automaticDistribution": {
        "isActive": false
      },
      "isAvailableWorldwide": false,
      "testingInstructions": "No special instructions. Launch and respond to the prompt or invoke in a single command, e.g. \"ask five PM where it\u0027s five PM.\"",
      "category": "EDUCATION_AND_REFERENCE",
      "distributionCountries": [
        "US"
      ]
    },
    "apis": {
      "custom": {
        "endpoint": {
          "uri": "arn:aws:lambda:us-east-1:672264245375:function:488098f8-e6ad-4412-a7a8-a5006ed3ac3c:Release_0"
        },
        "interfaces": [
          {
            "type": "CAN_FULFILL_INTENT_REQUEST"
          }
        ],
        "regions": {
          "EU": {
            "endpoint": {
              "uri": "arn:aws:lambda:eu-west-1:672264245375:function:488098f8-e6ad-4412-a7a8-a5006ed3ac3c:Release_0"
            }
          },
          "NA": {
            "endpoint": {
              "uri": "arn:aws:lambda:us-east-1:672264245375:function:488098f8-e6ad-4412-a7a8-a5006ed3ac3c:Release_0"
            }
          },
          "FE": {
            "endpoint": {
              "uri": "arn:aws:lambda:us-west-2:672264245375:function:488098f8-e6ad-4412-a7a8-a5006ed3ac3c:Release_0"
            }
          }
        }
      }
    },
    "manifestVersion": "1.0",
    "privacyAndCompliance": {
      "allowsPurchases": false,
      "locales": {
        "en-US": {}
      },
      "containsAds": false,
      "isExportCompliant": true,
      "isChildDirected": false,
      "usesPersonalInfo": false
    }
  }
}